score;Epsilon
-103.5441051009999;0.29819999999999997
-153.4953899877553;0.2964108
-112.73126216003482;0.2946323352
-114.47605894773949;0.2928645411888
-108.4495324376033;0.2911073539416672
-110.04664371906034;0.2893607098180172
-108.53482734526942;0.2876245455591091
-111.13124364673843;0.28589879828575443
-112.52268311370102;0.2841834054960399
-112.13475833338684;0.28247830506306365
-109.24863492676616;0.2807834352326853
-116.28308693264671;0.27909873462128915
-111.90433766530575;0.27742414221356143
-107.55798812364786;0.27575959736028005
-106.6729020866286;0.2741050397761184
-94.62626988793164;0.2724604095374617
-130.3144270925195;0.27082564708023693
-102.71530433637712;0.2692006931977555
-112.21421000546276;0.267585489038569
-110.7812744258071;0.2659799761043376
-128.4654196114715;0.2643840962477116
-100.14622995613702;0.2627977916702253
-97.91166859038299;0.26122100492020395
-101.56517544090997;0.25965367889068275
-101.53139828350146;0.25809575681733865
-104.1477682982497;0.25654718227643464
-97.97732940899456;0.25500789918277605
-103.91789920665013;0.2534778517876794
-100.88648356985797;0.2519569846769533
-110.33363354868251;0.2504452427688916
-73.94668094759709;0.24894257131227823
-97.93112585539245;0.24744891588440457
-76.7509612869632;0.24596422238909815
-102.63472204189003;0.24448843705476356
-134.45633379221894;0.24302150643243497
-77.13674144205302;0.24156337739384037
-106.50943897433517;0.24011399712947734
-100.11564861624812;0.23867331314670048
-171.43701664249755;0.23724127326782027
-103.2504141239319;0.23581782562821335
-100.81738342762428;0.23440291867444407
-103.05069279817057;0.2329965011623974
-153.34391991804455;0.231598522155423
-73.47098125412708;0.23020893102249046
-96.18199090520478;0.22882767743635551
-98.12243431537847;0.22745471137173737
-77.03958653703276;0.22608998310350695
-103.92048836779284;0.2247334432048859
-100.53307242133033;0.22338504254565658
-95.69114412618366;0.22204473229038263
-99.23652058023153;0.22071246389664034
-82.590806922238;0.2193881891132605
-98.9152435556197;0.21807185997858092
-99.66319846908686;0.21676342881870944
-80.56433060479601;0.21546284824579717
-123.9430768420765;0.2141700711563224
-103.06976731703679;0.21288505072938446
-100.37505147320466;0.21160774042500816
-108.22608997964733;0.21033809398245812
-97.69224161736419;0.20907606541856336
-106.09317632742786;0.20782160902605198
-96.55895721509619;0.20657467937189566
-95.60399351806325;0.20533523129566428
-97.50411477214719;0.2041032199078903
-101.40066069014185;0.20287860058844295
-102.29076758361794;0.2016613289849123
-95.20738220466426;0.2004513610110028
-100.53073461616287;0.19924865284493679
-103.1091095245108;0.19805316092786715
-102.10957042398056;0.19686484196229995
-100.32742159422736;0.19568365291052614
-96.93364236490677;0.19450955099306297
-86.96361504308578;0.1933424936871046
-80.36594127505657;0.19218243872498197
-99.13321320124467;0.1910293440926321
-103.66228630814578;0.18988316802807628
-127.40528091543172;0.18874386901990783
-100.41474415608434;0.1876114058057884
-99.38667294205726;0.18648573737095367
-90.51318143361367;0.18536682294672793
-101.4179145172524;0.18425462200904758
-99.32518273910942;0.1831490942769933
-98.32689571771833;0.18205019971133135
-99.90182082313734;0.18095789851306338
-101.11516223425977;0.17987215112198499
-94.11579991068528;0.1787929182152531
-104.26117345764054;0.17772016070596156
-102.78634645823824;0.17665383974172577
-101.46114435815315;0.17559391670327543
-97.16542169921101;0.17454035320305578
-100.47379138799757;0.17349311108383744
-99.41232842801698;0.17245215241733441
-99.36013245409852;0.1714174395028304
-100.09898192722288;0.1703889348658134
-96.58558690500384;0.16936660125661854
-100.76897072064256;0.16835040164907883
-97.86757584040365;0.16734029923918436
-78.58363666761686;0.16633625744374925
-98.90721458892338;0.16533823989908675
-100.96008876294766;0.16434621045969222
-99.35765202818004;0.16336013319693407
-85.13809983657218;0.16237997239775245
-81.10743911701823;0.16140569256336593
-100.35801394509339;0.16043725840798573
-100.93159099130953;0.15947463485753782
-101.39778765541004;0.1585177870483926
-95.28595639689314;0.15756668032610224
-82.56359113006583;0.15662128024414562
-95.75866963069575;0.15568155256268074
-99.27100542294545;0.15474746324730465
-96.43149510743966;0.15381897846782083
-93.35962870921243;0.1528960645970139
-120.60449995320101;0.15197868820943183
-93.40701170319564;0.15106681608017525
-98.37601314176433;0.1501604151836942
-103.25377230295726;0.14925945269259203
-79.81898121433038;0.14836389597643648
-96.62673036570786;0.14747371260057787
-98.5110546781191;0.1465888703249744
-96.88381162244951;0.14570933710302456
-99.76879029174957;0.1448350810804064
-96.80064071257847;0.14396607059392397
-101.01210006419508;0.14310227417036042
-96.41517122892911;0.14224366052533827
-96.34300175229708;0.14139019856218624
-83.3355014997755;0.14054185737081312
-96.77520262625131;0.13969860622658825
-90.85459767676939;0.1388604145892287
-98.0390053776319;0.13802725210169334
-95.55065627334515;0.13719908858908317
-96.38931157407538;0.13637589405754866
-99.6246530241302;0.13555763869320336
-103.57616561993832;0.13474429286104414
-97.73847239926147;0.13393582710387789
-98.51889904299566;0.13313221214125462
-98.59800883856106;0.13233341886840708
-100.39184522311949;0.13153941835519664
-100.9420393630229;0.13075018184506546
-97.71552629853537;0.12996568075399506
-154.1623871998492;0.1291858866694711
-99.2034672954871;0.12841077134945425
-84.66543633232797;0.1276403067213575
-107.13313464046705;0.12687446488102935
-96.09491305902104;0.12611321809174317
-100.4122898746704;0.1253565387831927
-100.12428339655884;0.12460439955049354
-98.30120758384714;0.12385677315319059
-97.93686566060285;0.12311363251427145
-98.99047300588589;0.12237495071918582
-81.10208549792095;0.1216407010148707
-102.8220924382868;0.12091085680878148
-97.37211578021198;0.1201853916679288
-97.67785898019063;0.11946427931792122
-103.8142031088161;0.1187474936420137
-98.20694844868221;0.11803500868016162
-93.79281311629748;0.11732679862808065
-91.91672156379772;0.11662283783631217
-100.93560003574255;0.11592310080929429
-99.06736478734699;0.11522756220443851
-100.55748368084927;0.11453619683121188
-97.39328837611775;0.11384897965022461
-99.44742572551779;0.11316588577232327
-100.68086205679676;0.11248689045768932
-94.81339432741392;0.11181196911494319
-102.12875198652533;0.11114109730025352
-95.01088536452377;0.110474250716452
-103.290926534929;0.1098114052121533
-99.58730794470695;0.10915253678088037
-97.29503625247628;0.10849762156019509
-86.20846003895946;0.10784663583083391
-102.07653310268559;0.1071995560158489
-99.00890567716024;0.10655635867975381
-92.6615603773513;0.10591702052767529
-97.30915628145821;0.10528151840450924
-100.86178567979113;0.10464982929408218
-99.18111592888583;0.10402193031831768
-100.39787757603389;0.10339779873640777
-99.50699680303349;0.10277741194398932
-96.19355562373872;0.10216074747232538
-97.6221532766757;0.10154778298749143
-99.02332692688952;0.10093849628956647
-99.09624647642673;0.10033286531182907
-99.46980509244216;0.0997308681199581
-100.55932502828104;0.09913248291123836
-99.71397138647363;0.09853768801377093
-99.56016181262645;0.0979464618856883
-98.44464353104992;0.09735878311437417
-86.12464575579668;0.09677463041568792
-100.86210204170955;0.09619398263319379
-102.2171741240931;0.09561681873739462
-97.68492185472014;0.09504311782497026
-96.54181812401178;0.09447285911802043
-103.5342464364854;0.09390602196331231
-98.96912975076027;0.09334258583153243
-94.68712394182135;0.09278253031654324
-100.66835997939793;0.09222583513464398
-99.47372808981625;0.09167248012383612
-96.7505408429876;0.09112244524309311
-97.46602802963493;0.09057571057163455
-95.46736044578999;0.09003225630820474
-98.4079453077366;0.08949206277035551
-101.37207120685156;0.08895511039373338
-101.10029758038496;0.08842137973137099
-83.05342132933919;0.08789085145298275
-97.18765254164674;0.08736350634426486
-102.31704327345888;0.08683932530619927
-97.65013247731949;0.08631828935436207
-99.69446076715613;0.0858003796182359
-96.28157463367904;0.08528557734052648
-100.2829076599038;0.08477386387648332
-100.52809902508123;0.08426522069322442
-101.37081808227549;0.08375962936906507
-85.36252370407193;0.08325707159285069
-98.29292318422907;0.08275752916329358
-98.8220812403212;0.08226098398831382
-96.67639843675184;0.08176741808438394
-97.83215155474096;0.08127681357587764
-101.32048351915553;0.08078915269442237
-100.29447654545804;0.08030441777825584
-100.76757218792787;0.07982259127158631
-102.43506806187146;0.07934365572395678
-95.68832940604662;0.07886759378961304
-103.59209112970282;0.07839438822687536
-102.01296470054922;0.07792402189751411
-89.75584534919334;0.07745647776612903
-84.8622928861855;0.07699173889953226
-96.94209484048064;0.07652978846613506
-101.02336128231448;0.07607060973533825
-91.60128968322621;0.07561418607692622
-95.34037417762417;0.07516050096046466
-103.58043729404112;0.07470953795470187
-103.16300528833023;0.07426128072697366
-100.69890600436554;0.07381571304261182
-100.01913016253462;0.07337281876435615
-101.14215757473869;0.07293258185177001
-101.55951019506405;0.07249498636065939
-94.52615013817636;0.07206001644249543
-99.89071177573503;0.07162765634384045
-98.88230106533071;0.07119789040577741
-99.71410517913849;0.07077070306334275
-100.62330699923696;0.07034607884496269
-97.49121348281639;0.06992400237189292
-100.4638860647281;0.06950445835766156
-97.550503489883;0.06908743160751558
-97.65112038137082;0.06867290701787049
-97.3595379822577;0.06826086957576326
-96.88876282271121;0.06785130435830868
-96.82555023927304;0.06744419653215883
-97.49428497415471;0.06703953135296588
-100.45329154269025;0.06663729416484808
-99.65519872543464;0.06623747039985899
-98.01219551887239;0.06584004557745983
-98.50851974735534;0.06544500530399507
-104.23325509598106;0.0650523352721711
-97.87025467468054;0.06466202126053806
-102.35845467318346;0.06427404913297484
-97.84709665922324;0.063888404838177
-97.09213880862731;0.06350507440914793
-99.44032952813929;0.06312404396269304
-96.99894032762325;0.06274529969891689
-98.51635124251557;0.062368827900723386
-101.64348038270883;0.061994614933319044
-103.81829667399637;0.06162264724371913
-89.37653772011463;0.06125291136025682
-99.07453995367885;0.060885393892095276
-97.63644318304584;0.060520081528742706
-97.832961040793;0.06015696103957025
-95.43806122206462;0.05979601927333283
-98.32120390733891;0.05943724315769283
-99.90393280785159;0.05908061969874667
-101.5479456270958;0.05872613598055419
-96.88818464135814;0.05837377916467087
-96.69500736328649;0.05802353648968284
-100.14977757388974;0.05767539527074474
-103.13047217497913;0.05732934289912028
-100.73544980433522;0.05698536684172555
-99.81227492877966;0.056643454640675196
-99.04687811739868;0.05630359391283114
-100.2573284803871;0.055965772349354154
-100.50305403780689;0.05562997771525803
-96.21730656625269;0.05529619784896648
-94.95226184286363;0.05496442066187268
-98.1556045487815;0.05463463413790145
-99.48127801306235;0.05430682633307404
-97.40522597575747;0.0539809853750756
-97.63080931459926;0.053657099462825146
-90.88003862759543;0.05333515686604819
-104.19668349277912;0.0530151459248519
-98.3696494393206;0.05269705504930279
-98.76639675516698;0.052380872719006974
-97.61235452311858;0.05206658748269293
-98.72383762959329;0.05175418795779677
-98.7889222737172;0.05144366283004999
-97.76196920616428;0.05113500085306969
-92.02463780530114;0.050828190847951274
-100.6174177374933;0.050523221702863566
-102.4116314901424;0.050220082372646385
-100.67188965450165;0.04991876187841051
-87.42795051511418;0.04961924930714005
-96.60115215352116;0.049321533811297204
-100.91209533874877;0.04902560460842942
-97.7711626038837;0.04873145098077884
-97.9949186470254;0.04843906227489417
-97.79381975847731;0.0481484279012448
-98.16822766429124;0.04785953733383733
-97.907875595058;0.047572380109834306
-88.54431875931789;0.0472869458291753
-98.51068718981185;0.04700322415420025
-87.32346261755322;0.04672120480927505
-86.35783665741025;0.0464408775804194
-89.83687634897235;0.04616223231493688
-97.81033970313769;0.04588525892104726
-97.83978541631562;0.04560994736752098
-99.26509426234415;0.04533628768331585
-100.04650557130824;0.045064269957215956
-100.94958295402924;0.04479388433747266
-97.8620617371841;0.044525121031447824
-100.20105272388396;0.04425797030525914
-102.31600352743206;0.043992422483427586
-97.34999454334813;0.04372846794852702
-97.53551129369438;0.04346609714083586
-98.84605332868733;0.04320530055799084
-97.5320089439638;0.0429460687546429
-97.98705576089398;0.04268839234211504
-99.91595801993647;0.04243226198806235
-99.49277175468455;0.042177668416133976
-87.05060884179217;0.041924602405637175
-87.40543708211425;0.041673054791203354
-100.00992717325875;0.041423016462456136
-97.7851271350123;0.0411744783636814
-97.61563372476274;0.04092743149349931
-102.27610677977155;0.040681866904538316
-100.80665701681748;0.040437775703111085
-99.59756296810757;0.04019514904889242
-99.89817697101024;0.039953978154599064
-103.22801482935746;0.03971425428567147
-99.36313419272813;0.039475968759957444
-98.51492947182432;0.0392391129473977
-100.77513529798078;0.039003678269713314
-94.43548800928427;0.03876965620009504
-99.891716497669;0.038537038262894466
-98.82145565132052;0.0383058160333171
-99.23037173437886;0.038075981137117194
-98.97025484493065;0.03784752525029449
-102.32035580950851;0.03762044009879273
-99.29343070094909;0.03739471745819997
-100.12076801452599;0.03717034915345077
-99.27183262198295;0.036947327058530065
-99.8197153953767;0.03672564309617889
-99.41648945371558;0.036505289237601816
-101.41893436211224;0.036286257502176206
-98.66215890716327;0.03606853995716315
-98.77683631306515;0.03585212871742017
-99.1384824240574;0.035637015945115647
-97.73826875198384;0.03542319384944495
-96.75835218978239;0.03521065468634828
-99.27019257308419;0.034999390758230185
-98.98760029294839;0.034789394413680806
-98.63244930320234;0.034580658047198724
-97.9856198086751;0.034373174098915535
-98.24700538691071;0.03416693505432204
-100.03897289479586;0.03396193344399611
-102.23856193663677;0.033758161843332135
-98.55063024132016;0.03355561287227214
-101.55826673570276;0.03335427919503851
-99.46812178456722;0.03315415351986827
-100.05123958501406;0.03295522859874906
-97.43398024357545;0.03275749722715657
-96.9600617486164;0.03256095224379363
-104.30781554125001;0.032365586530330864
-101.45822580015846;0.03217139301114888
-101.96865354245529;0.031978364653081987
-97.96619258813746;0.031786494465163496
-97.38712072232552;0.031595775498372516
-97.28869071878866;0.03140620084538228
-99.61057656925544;0.031217763640309985
-97.85817554478906;0.031030457058468124
-98.14758843090137;0.030844274316117314
-101.26639495136403;0.030659208670220612
-100.2884392577627;0.03047525341819929
-100.58006021342054;0.030292401897690092
-99.01601201177078;0.030110647486303953
-99.40053049189659;0.02992998360138613
-99.47346554761194;0.02975040369977781
-101.93987130318024;0.029571901277579145
-90.62083272326312;0.02939446986991367
-100.36497534800631;0.029218103050694187
-100.36738587388582;0.029042794432390023
-102.33390826153693;0.028868537665795682
-100.25130593818426;0.028695326439800908
-99.49673790427607;0.0285231544811621
-98.85846371348451;0.02835201555427513
-98.93997464147769;0.02818190346094948
-99.86576642573439;0.028012812040183785
-100.54091806965198;0.027844735167942683
-100.75095495788753;0.027677666756935025
-98.58380688749192;0.027511600756393414
-98.74983705837155;0.027346531151855053
-99.76386383708629;0.027182451964943923
-99.66823063946826;0.02701935725315426
-101.55366867263926;0.026857241109635333
-99.68800022745256;0.026696097662977522
-99.11854090320132;0.026535921076999657
-98.2563585485133;0.026376705550537657
-99.02391078053353;0.02621844531723443
-99.41358561592364;0.026061134645331024
-98.04906762391826;0.02590476783745904
-99.4760945077613;0.025749339230434282
-99.61842030007516;0.025594843195051675
-98.88491006549138;0.025441274135881365
-99.2756944427689;0.025288626491066078
-101.47375857409524;0.02513689473211968
-98.54248071873312;0.024986073363726963
-102.04517375277541;0.0248361569235446
-105.31135253276241;0.024687139982003333
-99.51180541766249;0.024539017142111312
-100.43632113796038;0.024391783039258645
-99.66172514383929;0.024245432341023092
-98.85567749608556;0.024099959746976953
-98.46263962248278;0.02395535998849509
-101.77810775091872;0.02381162782856412
-100.1272696219956;0.023668758061592732
-99.4224263970138;0.023526745513223177
-99.11153569880439;0.023385585040143837
-98.78779487896152;0.023245271529902974
-101.64676215261593;0.023105799900723555
-99.18220796042495;0.022967165101319215
-98.12344506261746;0.0228293621107113
-98.2416089690638;0.02269238593804703
-98.46431281550726;0.022556231622418748
-99.06466021724356;0.022420894232684237
-99.3839909970686;0.02228636886728813
-99.33956583289554;0.0221526506540844
-103.65239305502425;0.022019734750159895
-99.08917010080691;0.021887616341658936
-101.7717119748251;0.021756290643608983
-99.2365443526997;0.02162575289974733
-99.1737889255633;0.021495998382348846
-101.65792313857749;0.021367022392054753
-99.73366721421853;0.021238820257702424
-98.23418963702024;0.02111138733615621
-102.03065201329379;0.02098471901213927
-99.61455673852564;0.020858810698066436
-99.78913055133572;0.02073365783387804
-99.36033812658178;0.02060925588687477
-99.97847595539689;0.020485600351553522
-99.62821875252327;0.020362686749444203
-99.96472815184048;0.020240510628947536
-97.92740375440444;0.02011906756517385
-98.62322577348104;0.019998353159782805
-99.4163818680197;0.019878363040824108
-99.95309257739534;0.019759092862579163
-99.82204688304166;0.019640538305403688
-99.98399520503916;0.019522695075571264
-99.53754480243536;0.019405558905117838
-102.40903049386479;0.01928912555168713
-99.34696148370952;0.01917339079837701
-99.23490084859915;0.019058350453586746
-98.46167830999569;0.018944000350865225
-100.21650823083023;0.018830336348760034
-99.95448706788446;0.018717354330667475
-99.35401137793437;0.01860505020468347
-99.7963735233564;0.01849341990345537
-98.56628375849066;0.018382459384034638
-103.47204220470972;0.01827216462773043
-99.11271454631724;0.01816253163996405
-99.31782019298586;0.018053556450124266
-100.70806461158209;0.01794523511142352
-99.32360430899759;0.01783756370075498
-99.03008757600189;0.01773053831855045
-99.49231500180439;0.017624155088639147
-99.63703141710472;0.017518410158107314
-101.2701853179081;0.01741329969715867
-103.72797179747435;0.01730881989897572
-99.36730611255952;0.017204966979581866
-99.95130433160625;0.017101737177704374
-100.89082362202618;0.016999126754638147
-98.9321853079324;0.016897131994110318
-100.13179146205013;0.016795749202145657
-98.86481939288353;0.01669497470693278
-99.06533608094293;0.016594804858691185
-97.22587159316305;0.016495236029539038
-100.39156935111868;0.016396264613361803
-99.69914528024196;0.01629788702568163
-99.39745658082019;0.01620009970352754
-99.8783327038549;0.016102899105306375
-100.09765843247436;0.016006281710674537
-99.04033847368073;0.01591024402041049
-100.53102656979921;0.015814782556288026
-98.84054969604375;0.015719893860950296
-100.1427316870441;0.015625574497784595
-97.6666933622323;0.015531821050797886
-98.70515110381196;0.015438630124493098
-99.34081397302015;0.015345998343746139
-99.29712033168164;0.015253922353683662
-98.32774754870559;0.01516239881956156
-99.47927601447888;0.01507142442664419
-98.99094195146176;0.014980995880084325
-98.74124791424597;0.01489110990480382
-90.39512408308929;0.014801763245374997
-98.72809623286687;0.014712952665902748
-99.30730044375484;0.01462467494990733
-98.55316776436257;0.014536926900207886
-101.69387898564153;0.01444970533880664
-97.97548205780238;0.014363007106773799
-97.70045274180112;0.014276829064133157
-96.69668499390409;0.014191168089748357
-99.65963462691568;0.014106021081209867
-98.83552332202098;0.014021384954722608
-98.57366248337055;0.013937256644994272
-98.46245017338792;0.013853633105124306
-98.59543683054733;0.01377051130649356
-99.44964009165392;0.013687888238654598
-97.81761706272388;0.01360576090922267
-99.28370639553853;0.013524126343767335
-97.58249560816027;0.013442981585704731
-98.4558400003935;0.013362323696190502
-97.84198204372326;0.013282149754013359
-98.89165351986885;0.013202456855489278
-97.43007350583686;0.013123242114356342
-98.90251789313058;0.013044502661670204
-100.34911587970518;0.012966235645700182
-97.41248950278015;0.01288843823182598
-98.49394702722753;0.012811107602435024
-97.91536489003897;0.012734240956820414
-98.82939071807017;0.01265783551107949
-98.4221400194106;0.012581888498013014
-98.81150689902529;0.012506397167024936
-98.93411064946031;0.012431358784022786
-98.79799951717817;0.01235677063131865
-97.1950725311755;0.012282630007530737
-98.45165235422677;0.012208934227485552
-98.79612426199205;0.012135680622120639
-98.73319262743556;0.012062866538387916
-97.03248590862565;0.01199048933915759
-98.80302421769562;0.011918546403122643
-98.51791136185639;0.011847035124703907
-98.62028427300106;0.011775952913955685
-99.06839420176608;0.01170529719647195
-98.09000255156681;0.011635065413293118
-99.84534744306715;0.01156525502081336
-101.22571069777571;0.01149586349068848
-99.8178477441923;0.01142688830974435
-98.71475586829335;0.011358326979885883
-98.98837465847346;0.011290177018006567
-98.40547576388035;0.011222435955898528
-99.60835531776647;0.011155101340163136
-99.96849960581275;0.011088170732122158
-98.32339817040848;0.011021641707729424
-99.24961976140551;0.010955511857483047
-98.18113132415712;0.010889778786338148
-99.09388240311854;0.01082444011362012
-97.1516159499238;0.010759493472938399
-100.25728084416936;0.010694936512100768
-99.80732902528284;0.010630766893028163
-101.23053858274719;0.010566982291669995
-99.17111027360087;0.010503580397919975
-99.0857512353907;0.010440558915532454
-98.67190275879018;0.01037791556203926
-100.44393524487441;0.010315648068667025
-99.13245125385933;0.010253754180255023
-98.2549908444627;0.010192231655173493
-99.1375134380435;0.010131078265242451
-99.16910220154251;0.010070291795650997
-98.31950366922965;0.01000987004487709
-100.73816041123185;0.009949810824607828
-99.07985426250349;0.009890111959660181
-98.93190600018949;0.00983077128790222
-99.60389739338557;0.009771786660174807
-99.18019536338063;0.009713155940213757
-99.43996546717423;0.009654877004572474
-99.29936668198928;0.009596947742545039
-99.51051223584327;0.009539366056089769
-101.80700687439368;0.00948212985975323
-100.74472557528689;0.00942523708059471
-99.37236193691443;0.00936868565811114
-100.44460353112842;0.009312473544162474
-98.80029659329603;0.009256598702897498
-101.38125573807459;0.009201059110680114
-98.01002050322853;0.009145852756016032
-100.29638299934132;0.009090977639479936
-100.0196445279227;0.009036431773643057
-98.96813549277125;0.008982213183001199
-97.2631152202425;0.00892831990390319
-101.29441068899756;0.008874749984479771
-85.78841276288003;0.008821501484572893
-97.77987321076853;0.008768572475665455
-96.93997670174329;0.008715961040811463
-96.8824279333589;0.008663665274566594
-97.74944442359359;0.008611683282919195
-100.08927376124574;0.00856001318322168
-101.19249328638675;0.00850865310412235
-96.61067678972769;0.008457601185497616
-100.00214754188309;0.00840685557838463
-100.10941656241877;0.008356414444914322
-99.55121455033682;0.008306275958244836
-98.43483691709923;0.008256438302495367
-97.90054606787861;0.008206899672680394
-101.28584003997842;0.008157658274644312
-101.02841215827378;0.008108712324996447
-97.2413123888926;0.008060060051046468
-100.46729688719722;0.00801169969074019
-101.42908261022531;0.007963629492595749
-99.23760365456715;0.007915847715640174
-96.52708552949628;0.007868352629346332
-99.65589533177639;0.007821142513570254
-100.08006713099529;0.007774215658488832
-97.56396058056566;0.0077275703645378994
-99.96278444037027;0.007681204942350672
-99.28712154286417;0.007635117712696568
-98.38726738078458;0.0075893070064203885
-99.1559275424853;0.007543771164381866
-99.41904983387019;0.007498508537395575
-95.70424383142218;0.007453517486171202
-99.33080413718584;0.0074087963812541745
-99.88884517586169;0.0073643436029666495
-100.18375929611238;0.007320157541348849
-101.81633429339715;0.007276236596100757
-100.08703456605971;0.007232579176524152
-99.85769759024431;0.007189183701465008
-98.22416900381012;0.007146048599256218
-100.30598117096163;0.00710317230766068
-100.70106141946651;0.007060553273814716
-99.33970258320495;0.007018189954171828
-99.06185282370758;0.006976080814446796
-98.34738008888687;0.006934224329560115
-100.92142321245993;0.006892618983582755
-101.02229839200837;0.006851263269681258
-98.76720517321056;0.006810155690063171
-98.75505884693874;0.006769294755922792
-101.05704281351157;0.0067286789873872545
-98.22410279417224;0.006688306913462931
-99.96689514718516;0.006648177071982154
-97.92596594724805;0.006608288009550261
-99.21223931737804;0.00656863828149296
-101.0376338014938;0.006529226451804002
-101.11380031671126;0.006490051093093178
-100.52130104547491;0.006451110786534619
-101.49478231404039;0.006412404121815411
-101.40962286409301;0.006373929697084519
-97.64372764059777;0.006335686118902012
-101.39912756341634;0.0062976720021886
-98.71053759785494;0.006259885970175468
-99.68195125797267;0.0062223266543544155
-101.07229673553506;0.006184992694428289
-96.73445267255109;0.006147882738261719
-99.80226714823768;0.006110995441832148
-95.89710001787667;0.006074329469181156
-97.6045821033443;0.006037883492366069
-97.14702614742642;0.006001656191411873
-96.34127181166038;0.005965646254263402
-96.78782705430127;0.005929852376737822
-101.59527226804508;0.005894273262477395
-97.86775224791468;0.005858907622902531
-97.32198509207865;0.0058237541771651155
-100.95236095315218;0.0057888116521021245
-96.31047562608681;0.005754078782189512
-99.72448541415606;0.005719554309496375
-96.98603574245672;0.005685236983639396
-99.46846229432151;0.00565112556173756
-100.44360550777738;0.005617218808367135
-98.75046709572959;0.005583515495516932
-100.42884483381422;0.0055500144025438305
-99.39583207757957;0.005516714316128568
-97.91305494366773;0.005483614030231796
-98.33335852443179;0.005450712346050405
-100.69636192752111;0.005418008071974103
-87.09743440723085;0.005385500023542258
-102.12805824971386;0.005353187023401005
-101.40548748616192;0.005321067901260599
-102.17852963552748;0.0052891414938530355
-96.21211924994924;0.005257406644889918
-98.3088740563579;0.005225862205020578
-97.9658321825775;0.005194507031790455
-97.9591815719977;0.005163339989599712
-96.50896989040697;0.005132359949662114
-101.79694757021404;0.005101565789964142
-97.7755205906462;0.0050709563952243564
-98.8272432210253;0.00504053065685301
-97.29517262261547;0.005010287472911892
-96.59885811892276;0.004980225748074421
-97.86988935754883;0.004950344393585974
-100.1227761522991;0.004920642327224459
-99.47547900211873;0.004891118473261112
-98.22553660324154;0.004861771762421545
-99.77111413413907;0.004832601131847016
-98.00258342972646;0.0048036055250559335
-99.65030146071315;0.0047747838919055974
-98.09976427403217;0.004746135188554164
-97.72666224076848;0.004717658377422839
-98.44681935556792;0.004689352427158302
-98.97898353036307;0.004661216312595352
-96.34157014355002;0.004633249014719779
-97.55326590565096;0.00460544952063146
-96.8810196106794;0.004577816823507671
-98.46028404093845;0.004550349922566625
-97.86858533000822;0.004523047823031225
-97.86368484414928;0.004495909536093038
-98.0203568007468;0.00446893407887648
-98.3482530609835;0.004442120474403221
-98.45440828468713;0.004415467751556801
-98.443269969572;0.004388974945047461
-98.35203985079067;0.004362641095377176
-99.29544367800777;0.004336465248804913
-98.16766492002333;0.004310446457312083
-96.61221597091233;0.0042845837785682106
-98.86040434206153;0.004258876275896801
-100.54895475571416;0.00423332301824142
-96.67306150869032;0.004207923080131972
-97.41136976369347;0.00418267554165118
-98.44420211066245;0.004157579488401273
-98.60191409638834;0.0041326340114708655
-98.22693834330452;0.00410783820740204
-99.13439467337417;0.0040831911781576274
-97.21479822806207;0.004058692031088682
-97.05067422234391;0.0040343398789021495
-101.42676606108373;0.004010133839628736
-97.48632382794966;0.0039860730365909635
-99.29474443502849;0.003962156598371418
-98.76921347134437;0.0039383836587811895
-98.76127454346481;0.0039147533568285025
-100.87544401349935;0.0038912648366875315
-96.48587011503304;0.0038679172476674063
-101.3447681670015;0.003844709744181402
-100.4315683510142;0.0038216414857163133
-101.19061146384229;0.0037987116368020154
-97.68087156864256;0.003775919366981203
-99.63436887329382;0.003753263850779316
-96.53031904723558;0.00373074426767464
-99.93402201115526;0.003708359802068592
-99.58201102917455;0.0036861096432561804
-97.22124011970001;0.0036639929853966432
-101.24814222191523;0.0036420090274842634
-98.20379705761435;0.0036201569733193576
-97.07760046995556;0.0035984360314794414
-99.43122703387402;0.003576845415290565
-99.5507603875498;0.0035553843427988214
-98.34490068926539;0.0035340520367420285
-98.7673222334031;0.0035128477245215763
-99.02098913864108;0.003491770638174447
-96.76282325981558;0.0034708200143454
-99.80068798827567;0.0034499950942593277
-98.11619484647674;0.0034292951236937715
-100.4482885253535;0.003408719352951609
-99.8989833833476;0.0033882670368338996
-98.85966308646464;0.003367937434612896
-100.9925357578968;0.0033477298100052185
-100.62865754030024;0.003327643431145187
-100.69008105052511;0.003307677570558316
-98.18440361920435;0.003287831505134966
-99.98564809533333;0.0032681045161041563
-96.64532242190528;0.0032484958890075313
-97.115456731497;0.003229004913673486
-97.51056232666163;0.003209630884191445
-99.80232555533945;0.0031903730988862965
-97.65591829458252;0.003171230860292979
-97.83167847685269;0.003152203475131221
-99.10337607791897;0.0031332902542804335
-99.74623399409279;0.0031144905127547507
-99.81617144679464;0.003095803569678222
-100.46858869378455;0.0030772287482601526
-96.56934110391079;0.0030587653757705915
-100.46811657684421;0.003040412783515968
-100.71224776752169;0.0030221703068148724
-100.96522291677817;0.003004037284973983
-98.10909794186055;0.002986013061264139
-99.8993337428961;0.0029680969828965544
-99.39775822325485;0.002950288400999175
-100.22929831539281;0.00293258667059318
-98.51883741404055;0.002914991150569621
-100.44389650657524;0.0028975012036662035
-99.8352089886504;0.0028801161964442062
-99.22249482733385;0.002862835499265541
-100.24195333275757;0.002845658486269948
-99.41526007680595;0.0028285845353523283
-99.13784363107507;0.0028116130281402143
-98.36381135223185;0.0027947433499713728
-95.94774774151605;0.0027779748898715444
-97.13809176471457;0.002761307040532315
-97.62784789188456;0.002744739198289121
-98.34493512602896;0.0027282707630993863
-99.7518107004501;0.00271190113852079
-99.43278023575992;0.002695629731689665
-98.34468906718989;0.0026794559532995273
-99.35415812779466;0.0026633792175797303
-99.59970978861737;0.0026473989422742517
-99.42781546591036;0.002631514548620606
-99.41621491196254;0.0026157254613288824
-98.36235391011462;0.002600031108560909
-98.27107670158273;0.0025844309219095435
-99.75604767488998;0.002568924336378086
-100.22947999638257;0.0025535107903598177
-98.59997086220359;0.0025381897256176586
-96.72346907939948;0.0025229605872639526
-97.07478984979541;0.0025078228237403687
-96.25881455029175;0.0024927758867979263
-100.92951874022994;0.0024778192314771387
-97.51060068638127;0.002462952316088276
-97.84882754822387;0.002448174602191746
-99.3170053753977;0.0024334855545785957
-99.01451996639868;0.0024188846412511243
-97.65020951017428;0.0024043713334036174
-98.99495867196099;0.002389945105403196
-95.9016151057041;0.0023756054347707765
-99.49797796941797;0.0023613518021621516
-99.27445265787033;0.0023471836913491785
-98.79523073192624;0.0023331005892010836
-95.97620506847525;0.002319101985665877
-98.87534748628549;0.0023051873737518816
-96.56933052780789;0.0022913562495093702
-97.961278228517;0.002277608112012314
-99.01628870407367;0.00226394246334024
-97.53435121709543;0.0022503588085601984
-97.07473096403294;0.0022368566557088372
-96.33008666059375;0.0022234355157745842
-98.42685151187082;0.0022100949026799366
-98.03590124597586;0.002196834333263857
-96.90606524539305;0.0021836533272642736
-98.96778572022046;0.002170551407300688
-96.1918158555366;0.002157528098856884
-97.23879478434846;0.0021445829302637427
-98.81007014562563;0.0021317154326821602
-96.30970824509922;0.002118925140086067
-99.07207235019158;0.0021062115892455506
-99.80850633704476;0.0020935743197100774
-99.53966666061059;0.002081012873791817
-99.43197742546288;0.002068526796549066
-97.68923675611181;0.0020561156357697718
-98.78750238628375;0.002043778941955153
-97.70873935595527;0.002031516268303422
-100.05657551548506;0.0020193271706936016
-98.30893978606103;0.00200721120766944
-96.74456019933274;0.001995167940423423
-97.28846337787435;0.0019831969327808825
-98.6870999740387;0.001971297751184197
-97.27860664362585;0.001959469964677092
-99.40365028825217;0.0019477131448890292
-100.13888518537023;0.001936026866019695
-99.86560049791076;0.0019244107048235768
-96.04458630578281;0.0019128642405946354
-97.67130812217047;0.0019013870551510676
-98.3658342227408;0.0018899787328201612
-96.37493168476348;0.0018786388604232402
-96.40021714080373;0.0018673670272607008
-98.23311713071665;0.0018561628250971366
-97.29886656827169;0.0018450258481465538
-96.43295715926463;0.0018339556930576744
-97.0021002078404;0.0018229519588993284
-98.30943563063443;0.0018120142471459324
-97.27686953919009;0.0018011421616630568
-99.35315445124482;0.0017903353086930784
-99.04775612633117;0.0017795932968409198
-96.37148984005985;0.0017689157370598743
-98.93374371666648;0.0017583022426375151
-97.38616195016728;0.00174775242918169
-96.11303789187409;0.0017372659146065999
-96.76222424565877;0.0017268423191189603
-96.38746351003398;0.0017164812652042465
-98.56589295347966;0.001706182377613021
-100.20180479795548;0.001695945283347343
-96.78933540206837;0.0016857696116472588
-96.73693859123253;0.0016756549939773752
-96.64284521463141;0.001665601064013511
-97.28803744089915;0.00165560745762943
-96.92946841562912;0.0016456738128836532
-101.42180788193147;0.0016357997700063513
-100.64006498458609;0.0016259849713863132
-100.43914739491977;0.0016162290615579953
-98.01519343326862;0.0016065316871886474
-97.07064898630729;0.0015968924970655154
-100.50065072882362;0.0015873111420831223
-101.07751832096713;0.0015777872752306234
-100.32238730985796;0.0015683205515792397
-100.08639947020201;0.0015589106282697643
-101.59236515980835;0.0015495571645001457
-101.42364532309647;0.0015402598215131448
-99.6257554015716;0.001531018262584066
-101.41502923752306;0.0015218321530085614
-101.83262217923937;0.00151270116009051
-101.44246700145366;0.001503624953129967
-99.46824947497683;0.0014946032034111871
-101.15573058608982;0.00148563558419072
-101.89392867410618;0.0014767217706855758
-100.62549976773126;0.0014678614400614623
-100.68953174124037;0.0014590542714210935
-96.80663716227374;0.0014502999457925668
-100.78712571494529;0.0014415981461178113
-100.67803744583018;0.0014329485572411045
-97.2276465541621;0.0014243508658976578
-96.91133862814742;0.001415804760702272
-96.89359143320347;0.0014073099321380582
-100.6009728926532;0.0013988660725452297
-96.78966396350414;0.0013904728761099583
-96.42189304029445;0.0013821300388532985
-96.47999841579237;0.0013738372586201786
-97.48691550227814;0.0013655942350684575
-99.8499123428731;0.0013574006696580466
-100.146701094176;0.0013492562656400983
-96.70227083542385;0.0013411607280462577
-98.53786755356751;0.0013331137636779801
-96.99199344606325;0.0013251150810959123
-97.24183568429824;0.0013171643906093368
-96.42375119088094;0.0013092614042656808
-97.25250770304166;0.0013014058358400866
-96.48675431275616;0.0012935974008250462
-97.03797782162515;0.001285835816420096
-96.7485196247045;0.0012781208015215755
-97.26774226278377;0.001270452076712446
-97.09089256576573;0.0012628293642521712
-96.92618569530734;0.0012552523880666581
-97.2674295566703;0.001247720873738258
-97.51677564988535;0.0012402345484958286
-97.57958012233426;0.0012327931412048536
-97.42371473606862;0.0012253963823576244
-96.85759001093048;0.0012180440040634787
-97.41877506091384;0.0012107357400390978
-97.14936370983348;0.0012034713255988632
-96.50450168912423;0.00119625049764527
-100.65354805554388;0.0011890729946593985
-100.58293477357303;0.001181938556691442
-96.98455474908899;0.0011748469253512934
-97.13861166670794;0.0011677978437991856
-96.8017214927127;0.0011607910567363905
-99.49115781304737;0.001153826310395972
-96.63538048133503;0.0011469033525335962
-99.5074746715768;0.0011400219324183946
-97.3407674118479;0.0011331818008238842
-100.702042054244;0.001126382710018941
-98.6403760009054;0.0011196244137588274
-97.14972302078208;0.0011129066672762745
-100.58715167495609;0.0011062292272726168
-100.9061000612105;0.001099591851908981
-98.838378252148;0.0010929943007975272
-100.54709968071059;0.001086436334992742
-100.41639554037403;0.0010799177169827855
-97.64705298188453;0.0010734382106808889
-100.24928839996147;0.0010669975814168035
-98.47552462437253;0.0010605955959283027
-96.91920564230283;0.001054232022352733
-96.79007954181917;0.0010479066302186166
-99.72706027149782;0.001041619190437305
-96.62847584619497;0.0010353694752946812
-97.11711756845625;0.001029157258442913
-97.1126742955856;0.0010229823148922557
-96.6565253092094;0.001016844421002902
-100.70279324762399;0.0010107433544768846
-100.42670617276927;0.0010046788943500232
-100.26172356391822;0.000998650820983923
-97.42690187218972;0.001
-100.10878645647752;0.001
-96.81831151693376;0.001
-97.25924852543821;0.001
-100.30251319199863;0.001
-100.96222868043867;0.001
-97.7465842801761;0.001
-100.85708690031122;0.001
-100.26491126827337;0.001
-98.3943895961754;0.001
-100.31663687338803;0.001
-97.23408179155614;0.001
-97.35842156672416;0.001
-97.29408717069465;0.001
-99.53344067837361;0.001
-96.8178028899723;0.001
-99.54613006337235;0.001
-100.90561898606892;0.001
-100.606565959145;0.001
-99.7179700702671;0.001
-99.58712785628252;0.001
-99.75263403877491;0.001
-96.96039303949662;0.001
-96.86172886990197;0.001
-97.8286527876438;0.001
-99.53758236966965;0.001
-98.37446901724425;0.001
-97.49420225857757;0.001
-99.694959495365;0.001
-99.83267835692068;0.001
-99.71636161170775;0.001
-99.76623373658583;0.001
-99.6656113330517;0.001
-97.00237573176436;0.001
-96.75863925776568;0.001
-97.8387580038216;0.001
-96.70232736392816;0.001
-97.24467599884855;0.001
-99.35193360303404;0.001
-97.5721791619019;0.001
-96.57576668276018;0.001
-97.28557373251083;0.001
-96.57161885627421;0.001
-96.9553183281074;0.001
-97.42661237455036;0.001
-96.7973446919291;0.001
-96.76042204503467;0.001
-97.92431110611868;0.001
-100.10300510438097;0.001
-97.73039097398643;0.001
-98.34721630824853;0.001
-98.16053547410047;0.001
-97.53002349226364;0.001
